preset,signal_id,predicted_peak_db,applied_preamp_db,input_peak_dbfs,output_peak_dbfs,clip_count,expected_limit_dbfs,pass
flat,multitone_62p5_1k_8k,0.000000000,0.000000000,-18.491897583,-18.491897583,0,-17.491897583,PASS
bass,multitone_62p5_1k_8k,3.582157135,-4.082157135,-18.491897583,-21.154121399,0,-17.991897583,PASS
vocal,multitone_62p5_1k_8k,3.800339937,-4.300339699,-18.491897583,-21.477973938,0,-17.991897583,PASS
treble,multitone_62p5_1k_8k,3.410346985,-3.910346985,-18.491897583,-21.199653625,0,-17.991897583,PASS
v_shape,multitone_62p5_1k_8k,2.319274187,-2.819274187,-18.491897583,-20.044382095,0,-17.991897583,PASS
