eval_case,input_snr_db,output_snr_db,snr_improvement_db,noise_reduction_db,energy_ratio,speech_preservation_ratio,corr,gain_avg,gain_min,gain_max,max_ms,cpu_usage_percent,pass
wola_passthrough,0.000,0.000,0.000,0.000,0.000000,0.000000,0.000000,0.000000,1.000000,1.000000,0.000000,0.000,1
noise_learning,0.000,0.000,0.000,0.000,0.000000,0.000000,0.000000,0.000000,1.000000,1.000000,0.000000,0.000,1
noise_only,0.000,0.000,0.000,-16.470,0.022541,0.000000,0.000000,0.150295,0.150000,0.159644,0.000000,0.000,1
snr5,4.935,11.050,6.115,0.000,0.490176,0.804995,0.974846,0.170962,0.150000,0.886019,0.000000,0.000,1
snr10,9.935,13.551,3.616,0.000,0.637632,0.838287,0.989267,0.179521,0.150000,0.966627,0.000000,0.000,1
snr20,19.936,19.942,0.006,0.000,0.867108,0.935987,0.996775,0.192991,0.150000,0.996249,0.000000,0.000,1
