repeat_index,valid_repeat,ad_frames,da_frames,algo_frames,codec_frames,last_cycles,max_cycles,last_ms,max_ms,cpu_usage_percent,learning_hops,target_learning_hops,learning_progress,denoise_ready,estimated_bitrate_kbps,compression_ratio,avg_bits_per_scalar,quantizer_clamp_count,total_scalar_count,quantizer_clamp_ratio,invalid_count,input_power_avg,output_power_avg,gain_avg,min_gain,max_gain,noise_psd_avg,mcra_speech_probability_avg,mcra_overdrive_avg,mcra_floor_avg,noise_phase_speech_probability_avg,noise_phase_gain_avg,speech_phase_speech_probability_avg,speech_phase_gain_avg,input_peak_max,output_peak_max,output_input_peak_ratio,input_mean_square_avg,output_mean_square_avg,output_input_energy_ratio,output_input_rms_ratio,input_clip_frames,output_clip_frames,band_bits_0,band_bits_1,band_bits_2,band_bits_3,band_bits_4,band_bits_5,band_bits_6,band_bits_7
1,1,488,487,487,2538,7275531,7285471,15.955112,15.976910,78.012256,391,391,1.000000,1,233.789063,3.421888,2.134766,4127,1299456,0.003176,0,76970032.000000,658448.000000,0.231888,0.060000,0.774461,79217440.000000,0.681896,1.290862,0.088366,0.008261,1.000000,0.503194,0.115684,932,422,0.452790,174757,1559,0.008921,0.094451,0,0,5,5,5,2,0,0,0,0
2,1,488,487,487,2544,7191335,7276143,15.770471,15.956454,77.912373,391,391,1.000000,1,233.984375,3.419032,2.136719,4140,1302528,0.003178,0,79664656.000000,559792.000000,0.084720,0.060000,0.450000,79217424.000000,0.358090,1.485146,0.082529,0.012183,1.000000,0.351886,0.086005,932,424,0.454936,177622,1584,0.008918,0.094434,0,0,6,6,5,0,0,0,0,0
3,1,488,487,487,2543,7201925,7282325,15.793695,15.970011,77.978569,391,391,1.000000,1,233.984375,3.419032,2.136719,4111,1302016,0.003157,0,81544016.000000,554352.000000,0.085449,0.060000,0.151515,79924528.000000,0.390467,1.465720,0.080195,0.000000,1.000000,0.401329,0.094040,926,430,0.464363,175895,1573,0.008943,0.094567,0,0,6,5,6,0,0,0,0,0
