eval_case,wola_passthrough_snr_db,wola_energy_ratio,wola_delay_samples,learn_target_hops,learn_actual_hops,learn_progress_final,noise_psd_avg,input_snr_db,output_snr_db,snr_improvement_db,noise_reduction_db,output_input_energy_ratio,speech_preservation_ratio,clean_output_corr,gain_avg,gain_min,gain_max,pc_runtime_ms,board_last_ms,board_max_ms,cpu_usage_percent,board_realtime_status,pass
wola_passthrough,72.865,0.999732,256,0,0,0.000000,0.000,0.000,0.000,0.000,0.000,0.000000,0.000000,0.000000,1.000000,1.000000,1.000000,204.000,0.000,0.000,0.000,NOT_MEASURED_ON_PC,1
noise_learning,0.000,0.000000,0,391,391,1.000000,6937133568.000,0.000,0.000,0.000,0.000,0.000000,0.000000,0.000000,1.000000,1.000000,1.000000,15.000,0.000,0.000,0.000,NOT_MEASURED_ON_PC,1
noise_only,0.000,0.000000,0,391,391,1.000000,1906551552.000,0.000,0.000,0.000,-16.470,0.022541,0.000000,0.000000,0.150295,0.150000,0.159644,580.000,0.000,0.000,0.000,NOT_MEASURED_ON_PC,1
snr5,0.000,0.000000,0,391,391,1.000000,1355937920.000,4.935,11.050,6.115,0.000,0.490176,0.804995,0.974846,0.170962,0.150000,0.886019,588.000,0.000,0.000,0.000,NOT_MEASURED_ON_PC,1
snr10,0.000,0.000000,0,391,391,1.000000,429268896.000,9.935,13.551,3.616,0.000,0.637632,0.838287,0.989267,0.179521,0.150000,0.966627,574.000,0.000,0.000,0.000,NOT_MEASURED_ON_PC,1
snr20,0.000,0.000000,0,391,391,1.000000,43688636.000,19.936,19.942,0.006,0.000,0.867108,0.935987,0.996775,0.192991,0.150000,0.996249,574.000,0.000,0.000,0.000,NOT_MEASURED_ON_PC,1
