mode,rows,mean_energy_ratio,max_clipping,max_invalid,mean_actual_bitrate_kbps,mean_compression_ratio
codec_direct_160k,8,0.973225290125,0,0,155.17875,5.1555
codec_direct_240k,8,0.991519606625,0,0,230.05475,3.477375
codec_direct_320k,8,1.003988946375,0,0,317.4925,2.519875
denoise_codec_160k,8,0.637189382125,0,0,155.338375,5.150125
denoise_codec_240k,8,0.640429976625,0,0,230.21425,3.474875
denoise_codec_320k,8,0.642228735625,0,0,317.6255,2.51875
input,8,1.0,0,0,0.0,0.0
wola_denoise,8,0.640081804375,0,0,0.0,0.0
wola_only,8,0.999734648125,0,0,0.0,0.0
